{
    "$schema": "https://schema.cognitiveservices.azure.com/formrecognizer/2021-03-01/labels.json",
    "document": "Covid_Consent_Form_5.pdf",
    "labels": [
        {
            "label": "LastName",
            "key": null,
            "value": [
                {
                    "page": 1,
                    "text": "Smith",
                    "boundingBoxes": [
                        [
                            0.06348235294117646,
                            0.06336363636363636,
                            0.10898823529411765,
                            0.06336363636363636,
                            0.10898823529411765,
                            0.07595454545454546,
                            0.06348235294117646,
                            0.07595454545454546
                        ]
                    ]
                }
            ]
        },
        {
            "label": "FirstName",
            "key": null,
            "value": [
                {
                    "page": 1,
                    "text": "Cameron",
                    "boundingBoxes": [
                        [
                            0.2556235294117647,
                            0.06423636363636363,
                            0.32809411764705887,
                            0.06467272727272727,
                            0.32809411764705887,
                            0.07595454545454546,
                            0.2556235294117647,
                            0.07595454545454546
                        ]
                    ]
                }
            ]
        },
        {
            "label": "MiddleName",
            "key": null,
            "value": [
                {
                    "page": 1,
                    "text": "Giovanni",
                    "boundingBoxes": [
                        [
                            0.4084235294117647,
                            0.06467272727272727,
                            0.4820235294117647,
                            0.06467272727272727,
                            0.4820235294117647,
                            0.07682727272727273,
                            0.40898823529411765,
                            0.07595454545454546
                        ]
                    ]
                }
            ]
        },
        {
            "label": "DateOfBirth",
            "key": null,
            "value": [
                {
                    "page": 1,
                    "text": "06/14/1985",
                    "boundingBoxes": [
                        [
                            0.5443764705882354,
                            0.06206363636363636,
                            0.6359529411764706,
                            0.0625,
                            0.6353882352941177,
                            0.07509090909090908,
                            0.5449411764705882,
                            0.07509090909090908
                        ]
                    ]
                }
            ]
        },
        {
            "label": "Age",
            "key": null,
            "value": [
                {
                    "page": 1,
                    "text": "36",
                    "boundingBoxes": [
                        [
                            0.6949411764705883,
                            0.06076363636363636,
                            0.7129176470588235,
                            0.06076363636363636,
                            0.7129176470588235,
                            0.07291818181818183,
                            0.6949411764705883,
                            0.07291818181818183
                        ]
                    ]
                }
            ]
        },
        {
            "label": "Male",
            "key": null,
            "value": [
                {
                    "page": 1,
                    "text": "selected",
                    "boundingBoxes": [
                        [
                            0.7970235294117647,
                            0.06512727272727273,
                            0.8074117647058824,
                            0.06512727272727273,
                            0.8074117647058824,
                            0.07351818181818182,
                            0.7970235294117647,
                            0.07351818181818182
                        ]
                    ]
                }
            ]
        },
        {
            "label": "Female",
            "key": null,
            "value": [
                {
                    "page": 1,
                    "text": "unselected",
                    "boundingBoxes": [
                        [
                            0.8342235294117648,
                            0.06488181818181818,
                            0.8439176470588236,
                            0.06488181818181818,
                            0.8439176470588236,
                            0.07258181818181818,
                            0.8342235294117648,
                            0.07258181818181818
                        ]
                    ]
                }
            ]
        },
        {
            "label": "Other",
            "key": null,
            "value": [
                {
                    "page": 1,
                    "text": "unselected",
                    "boundingBoxes": [
                        [
                            0.8652588235294117,
                            0.06478181818181818,
                            0.8746352941176471,
                            0.06478181818181818,
                            0.8746352941176471,
                            0.0722,
                            0.8652588235294117,
                            0.0722
                        ]
                    ]
                }
            ]
        },
        {
            "label": "StreetAddress",
            "key": null,
            "value": [
                {
                    "page": 1,
                    "text": "4545",
                    "boundingBoxes": [
                        [
                            0.06516470588235293,
                            0.10069090909090908,
                            0.10281176470588235,
                            0.10069090909090908,
                            0.10281176470588235,
                            0.11328181818181818,
                            0.06461176470588235,
                            0.11328181818181818
                        ]
                    ]
                },
                {
                    "page": 1,
                    "text": "Forbes",
                    "boundingBoxes": [
                        [
                            0.10730588235294118,
                            0.10069090909090908,
                            0.16629411764705881,
                            0.10112727272727273,
                            0.16629411764705881,
                            0.11371818181818182,
                            0.10730588235294118,
                            0.11328181818181818
                        ]
                    ]
                },
                {
                    "page": 1,
                    "text": "Ave",
                    "boundingBoxes": [
                        [
                            0.16965882352941175,
                            0.10112727272727273,
                            0.20168235294117645,
                            0.10069090909090908,
                            0.20168235294117645,
                            0.11371818181818182,
                            0.16965882352941175,
                            0.11371818181818182
                        ]
                    ]
                }
            ]
        },
        {
            "label": "City",
            "key": null,
            "value": [
                {
                    "page": 1,
                    "text": "Seattle",
                    "boundingBoxes": [
                        [
                            0.32977647058823534,
                            0.09852727272727274,
                            0.38538823529411764,
                            0.09852727272727274,
                            0.38538823529411764,
                            0.11110909090909091,
                            0.3292117647058823,
                            0.11110909090909091
                        ]
                    ]
                }
            ]
        },
        {
            "label": "State",
            "key": null,
            "value": [
                {
                    "page": 1,
                    "text": "WA",
                    "boundingBoxes": [
                        [
                            0.46685882352941177,
                            0.09895454545454546,
                            0.4932588235294118,
                            0.09852727272727274,
                            0.49382352941176466,
                            0.11067272727272727,
                            0.46685882352941177,
                            0.11110909090909091
                        ]
                    ]
                }
            ]
        },
        {
            "label": "Zip",
            "key": null,
            "value": [
                {
                    "page": 1,
                    "text": "98101",
                    "boundingBoxes": [
                        [
                            0.5915764705882354,
                            0.09895454545454546,
                            0.6410117647058824,
                            0.09895454545454546,
                            0.6404470588235295,
                            0.11110909090909091,
                            0.5910117647058823,
                            0.11154545454545456
                        ]
                    ]
                }
            ]
        },
        {
            "label": "PhoneNumber",
            "key": null,
            "value": [
                {
                    "page": 1,
                    "text": "221",
                    "boundingBoxes": [
                        [
                            0.7033764705882353,
                            0.09721818181818181,
                            0.7337058823529412,
                            0.09721818181818181,
                            0.7331411764705882,
                            0.1124090909090909,
                            0.7033764705882353,
                            0.11198181818181818
                        ]
                    ]
                },
                {
                    "page": 1,
                    "text": "312",
                    "boundingBoxes": [
                        [
                            0.749435294117647,
                            0.09765454545454545,
                            0.7820235294117647,
                            0.09765454545454545,
                            0.7820235294117647,
                            0.11284545454545455,
                            0.749435294117647,
                            0.11284545454545455
                        ]
                    ]
                },
                {
                    "page": 1,
                    "text": "3223",
                    "boundingBoxes": [
                        [
                            0.8028117647058823,
                            0.10069090909090908,
                            0.8426941176470588,
                            0.10112727272727273,
                            0.8421294117647059,
                            0.11328181818181818,
                            0.8028117647058823,
                            0.11284545454545455
                        ]
                    ]
                }
            ]
        },
        {
            "label": "DateOfSignature",
            "key": null,
            "value": [
                {
                    "page": 1,
                    "text": "06/12/2021",
                    "boundingBoxes": [
                        [
                            0.5640470588235295,
                            0.7135454545454546,
                            0.6544941176470589,
                            0.7135454545454546,
                            0.6544941176470589,
                            0.725690909090909,
                            0.5640470588235295,
                            0.725690909090909
                        ]
                    ]
                }
            ]
        },
        {
            "label": "ReceivedVaccine",
            "key": null,
            "value": [
                {
                    "page": 2,
                    "text": "selected",
                    "boundingBoxes": [
                        [
                            0.7598588235294118,
                            0.21744545454545455,
                            0.8084117647058824,
                            0.21744545454545455,
                            0.8084117647058824,
                            0.2675,
                            0.7598588235294118,
                            0.2675
                        ]
                    ]
                }
            ]
        },
        {
            "label": "VaccineManufacturer",
            "key": null,
            "value": [
                {
                    "page": 2,
                    "text": "Pfizer",
                    "boundingBoxes": [
                        [
                            0.20224705882352942,
                            0.24261818181818182,
                            0.25,
                            0.24305454545454544,
                            0.24943529411764706,
                            0.25520909090909094,
                            0.20168235294117645,
                            0.2547727272727273
                        ]
                    ]
                }
            ]
        },
        {
            "label": "ReceivedDate",
            "key": null,
            "value": [
                {
                    "page": 2,
                    "text": "07/01/2021",
                    "boundingBoxes": [
                        [
                            0.4286470588235294,
                            0.24305454545454544,
                            0.5207882352941177,
                            0.24305454545454544,
                            0.5207882352941177,
                            0.25564545454545456,
                            0.4286470588235294,
                            0.25520909090909094
                        ]
                    ]
                }
            ]
        }
    ],
    "labelingState": 2
}