{
    "$schema": "https://schema.cognitiveservices.azure.com/formrecognizer/2021-03-01/labels.json",
    "document": "Covid_Consent_Form_1.pdf",
    "labels": [
        {
            "label": "LastName",
            "key": null,
            "value": [
                {
                    "page": 1,
                    "text": "Jesus",
                    "boundingBoxes": [
                        [
                            0.06572941176470588,
                            0.06727272727272728,
                            0.11291764705882353,
                            0.06640909090909092,
                            0.11291764705882353,
                            0.07855454545454545,
                            0.06572941176470588,
                            0.0789909090909091
                        ]
                    ]
                }
            ]
        },
        {
            "label": "FirstName",
            "key": null,
            "value": [
                {
                    "page": 1,
                    "text": "Gabriel",
                    "boundingBoxes": [
                        [
                            0.2640470588235294,
                            0.06293636363636364,
                            0.32528235294117647,
                            0.06336363636363636,
                            0.32528235294117647,
                            0.07769090909090909,
                            0.2640470588235294,
                            0.07769090909090909
                        ]
                    ]
                }
            ]
        },
        {
            "label": "MiddleName",
            "key": null,
            "value": [
                {
                    "page": 1,
                    "text": "Iglesias",
                    "boundingBoxes": [
                        [
                            0.42303529411764706,
                            0.06467272727272727,
                            0.4865176470588235,
                            0.06467272727272727,
                            0.48595294117647064,
                            0.07682727272727273,
                            0.42303529411764706,
                            0.07682727272727273
                        ]
                    ]
                }
            ]
        },
        {
            "label": "DateOfBirth",
            "key": null,
            "value": [
                {
                    "page": 1,
                    "text": "04/03/1997",
                    "boundingBoxes": [
                        [
                            0.5455058823529412,
                            0.0625,
                            0.6359529411764706,
                            0.06206363636363636,
                            0.6359529411764706,
                            0.07465454545454546,
                            0.5449411764705882,
                            0.07465454545454546
                        ]
                    ]
                }
            ]
        },
        {
            "label": "Age",
            "key": null,
            "value": [
                {
                    "page": 1,
                    "text": "24",
                    "boundingBoxes": [
                        [
                            0.7061764705882353,
                            0.0638,
                            0.7280941176470588,
                            0.06423636363636363,
                            0.7275294117647059,
                            0.07855454545454545,
                            0.7056235294117646,
                            0.07812727272727273
                        ]
                    ]
                }
            ]
        },
        {
            "label": "StreetAddress",
            "key": null,
            "value": [
                {
                    "page": 1,
                    "text": "4064",
                    "boundingBoxes": [
                        [
                            0.06291764705882354,
                            0.10112727272727273,
                            0.10168235294117646,
                            0.10069090909090908,
                            0.10224705882352941,
                            0.11284545454545455,
                            0.06348235294117646,
                            0.1124090909090909
                        ]
                    ]
                },
                {
                    "page": 1,
                    "text": "Driftwood",
                    "boundingBoxes": [
                        [
                            0.10730588235294118,
                            0.10069090909090908,
                            0.18427058823529413,
                            0.10026363636363636,
                            0.18427058823529413,
                            0.11328181818181818,
                            0.10730588235294118,
                            0.11284545454545455
                        ]
                    ]
                },
                {
                    "page": 1,
                    "text": "Road",
                    "boundingBoxes": [
                        [
                            0.18988235294117647,
                            0.10026363636363636,
                            0.23483529411764706,
                            0.10026363636363636,
                            0.23427058823529412,
                            0.11328181818181818,
                            0.18988235294117647,
                            0.11328181818181818
                        ]
                    ]
                }
            ]
        },
        {
            "label": "City",
            "key": null,
            "value": [
                {
                    "page": 1,
                    "text": "San",
                    "boundingBoxes": [
                        [
                            0.34044705882352944,
                            0.10069090909090908,
                            0.37022352941176473,
                            0.10026363636363636,
                            0.37022352941176473,
                            0.11284545454545455,
                            0.34101176470588235,
                            0.11284545454545455
                        ]
                    ]
                },
                {
                    "page": 1,
                    "text": "Jose",
                    "boundingBoxes": [
                        [
                            0.3752823529411765,
                            0.10026363636363636,
                            0.41404705882352943,
                            0.10026363636363636,
                            0.41404705882352943,
                            0.11284545454545455,
                            0.3758470588235294,
                            0.11284545454545455
                        ]
                    ]
                }
            ]
        },
        {
            "label": "Male",
            "key": null,
            "value": [
                {
                    "page": 1,
                    "text": "selected",
                    "boundingBoxes": [
                        [
                            0.7978705882352941,
                            0.06514545454545455,
                            0.8076,
                            0.06514545454545455,
                            0.8076,
                            0.07302727272727273,
                            0.7978705882352941,
                            0.07302727272727273
                        ]
                    ]
                }
            ]
        },
        {
            "label": "Female",
            "key": null,
            "value": [
                {
                    "page": 1,
                    "text": "unselected",
                    "boundingBoxes": [
                        [
                            0.8342117647058823,
                            0.06486363636363636,
                            0.8439411764705882,
                            0.06486363636363636,
                            0.8439411764705882,
                            0.0726,
                            0.8342117647058823,
                            0.0726
                        ]
                    ]
                }
            ]
        },
        {
            "label": "Other",
            "key": null,
            "value": [
                {
                    "page": 1,
                    "text": "unselected",
                    "boundingBoxes": [
                        [
                            0.8648941176470588,
                            0.06484545454545455,
                            0.8743176470588235,
                            0.06484545454545455,
                            0.8743176470588235,
                            0.07218181818181818,
                            0.8648941176470588,
                            0.07218181818181818
                        ]
                    ]
                }
            ]
        },
        {
            "label": "State",
            "key": null,
            "value": [
                {
                    "page": 1,
                    "text": "CA",
                    "boundingBoxes": [
                        [
                            0.47921176470588234,
                            0.10069090909090908,
                            0.5,
                            0.10069090909090908,
                            0.5,
                            0.1124090909090909,
                            0.47921176470588234,
                            0.1124090909090909
                        ]
                    ]
                }
            ]
        },
        {
            "label": "Zip",
            "key": null,
            "value": [
                {
                    "page": 1,
                    "text": "95136",
                    "boundingBoxes": [
                        [
                            0.5932588235294117,
                            0.09939090909090909,
                            0.6421294117647058,
                            0.09939090909090909,
                            0.6421294117647058,
                            0.11198181818181818,
                            0.5932588235294117,
                            0.11154545454545456
                        ]
                    ]
                }
            ]
        },
        {
            "label": "PhoneNumber",
            "key": null,
            "value": [
                {
                    "page": 1,
                    "text": "408",
                    "boundingBoxes": [
                        [
                            0.7011294117647059,
                            0.10156363636363636,
                            0.7308941176470588,
                            0.10156363636363636,
                            0.7308941176470588,
                            0.11414545454545455,
                            0.7011294117647059,
                            0.11371818181818182
                        ]
                    ]
                },
                {
                    "page": 1,
                    "text": "361",
                    "boundingBoxes": [
                        [
                            0.7556235294117647,
                            0.10200000000000001,
                            0.7848352941176471,
                            0.10200000000000001,
                            0.7848352941176471,
                            0.11371818181818182,
                            0.7556235294117647,
                            0.11371818181818182
                        ]
                    ]
                },
                {
                    "page": 1,
                    "text": "2228",
                    "boundingBoxes": [
                        [
                            0.8089882352941177,
                            0.10156363636363636,
                            0.8483176470588235,
                            0.10112727272727273,
                            0.8471882352941177,
                            0.11328181818181818,
                            0.8089882352941177,
                            0.11328181818181818
                        ]
                    ]
                }
            ]
        },
        {
            "label": "DateOfSignature",
            "key": null,
            "value": [
                {
                    "page": 1,
                    "text": "07/29/2021",
                    "boundingBoxes": [
                        [
                            0.5668588235294117,
                            0.7096363636363636,
                            0.6573058823529412,
                            0.7096363636363636,
                            0.6573058823529412,
                            0.7217909090909091,
                            0.5668588235294117,
                            0.7222181818181818
                        ]
                    ]
                }
            ]
        },
        {
            "label": "ReceivedVaccine",
            "key": null,
            "value": [
                {
                    "page": 2,
                    "text": "selected",
                    "boundingBoxes": [
                        [
                            0.7616941176470589,
                            0.2008181818181818,
                            0.8058235294117647,
                            0.2008181818181818,
                            0.8058235294117647,
                            0.26934545454545455,
                            0.7616941176470589,
                            0.26934545454545455
                        ]
                    ]
                }
            ]
        },
        {
            "label": "VaccineManufacturer",
            "key": null,
            "labelType": "region",
            "value": [
                {
                    "page": 2,
                    "text": "",
                    "boundingBoxes": [
                        [
                            0.2052689352360044,
                            0.2349066959385291,
                            0.37786530638600113,
                            0.2349066959385291,
                            0.37786530638600113,
                            0.2557628979143799,
                            0.2052689352360044,
                            0.2557628979143799
                        ]
                    ]
                }
            ]
        },
        {
            "label": "ReceivedDate",
            "key": null,
            "labelType": "region",
            "value": [
                {
                    "page": 2,
                    "text": "",
                    "boundingBoxes": [
                        [
                            0.42829469877962156,
                            0.23326015367727784,
                            0.5206302059792083,
                            0.23326015367727784,
                            0.5206302059792083,
                            0.26015367727771677,
                            0.42829469877962156,
                            0.26015367727771677
                        ]
                    ]
                }
            ]
        }
    ],
    "labelingState": 2
}