{
    "$schema": "https://schema.cognitiveservices.azure.com/formrecognizer/2021-03-01/labels.json",
    "document": "Covid_Consent_Form_Picture.pdf",
    "labels": [
        {
            "label": "Male",
            "key": null,
            "value": [
                {
                    "page": 1,
                    "text": "unselected",
                    "boundingBoxes": [
                        [
                            0.7634728376035446,
                            0.07197197846493138,
                            0.7740680986322481,
                            0.07197197846493138,
                            0.7740680986322481,
                            0.08061751160614175,
                            0.7634728376035446,
                            0.08061751160614175
                        ]
                    ]
                }
            ]
        },
        {
            "label": "Female",
            "key": null,
            "value": [
                {
                    "page": 1,
                    "text": "selected",
                    "boundingBoxes": [
                        [
                            0.7988465613561934,
                            0.07160132323915602,
                            0.8089120593334617,
                            0.07160132323915602,
                            0.8089120593334617,
                            0.07964454163848142,
                            0.7988465613561934,
                            0.07964454163848142
                        ]
                    ]
                }
            ]
        },
        {
            "label": "Other",
            "key": null,
            "value": [
                {
                    "page": 1,
                    "text": "unselected",
                    "boundingBoxes": [
                        [
                            0.8279474089770756,
                            0.07100827487791543,
                            0.8380731073010981,
                            0.07100827487791543,
                            0.8380731073010981,
                            0.07903296051595207,
                            0.8279474089770756,
                            0.07903296051595207
                        ]
                    ]
                }
            ]
        },
        {
            "label": "LastName",
            "key": null,
            "value": [
                {
                    "page": 1,
                    "text": "Chen",
                    "boundingBoxes": [
                        [
                            0.08177615103062993,
                            0.07508548236144444,
                            0.1359323829705259,
                            0.07378818907123066,
                            0.13648622616066267,
                            0.08984682672794833,
                            0.08234203429011751,
                            0.0911441200181621
                        ]
                    ]
                }
            ]
        },
        {
            "label": "FirstName",
            "key": null,
            "value": [
                {
                    "page": 1,
                    "text": "Anthony",
                    "boundingBoxes": [
                        [
                            0.26395444037757654,
                            0.07204610951008644,
                            0.35137738393373147,
                            0.07421444258087233,
                            0.351943267193219,
                            0.09157963990844815,
                            0.2645203236370642,
                            0.08897578694737622
                        ]
                    ]
                }
            ]
        },
        {
            "label": "DateOfBirth",
            "key": null,
            "value": [
                {
                    "page": 1,
                    "text": "01/",
                    "boundingBoxes": [
                        [
                            0.5267891543055289,
                            0.07204610951008644,
                            0.5555528799845887,
                            0.07204610951008644,
                            0.5555528799845887,
                            0.08637193398630429,
                            0.5273550375650163,
                            0.08637193398630429
                        ]
                    ]
                },
                {
                    "page": 1,
                    "text": "01/01",
                    "boundingBoxes": [
                        [
                            0.5589361394721634,
                            0.0724816294003725,
                            0.6091311885956463,
                            0.07291714929065857,
                            0.6096970718551339,
                            0.0872429737668764,
                            0.559502022731651,
                            0.08680745387659033
                        ]
                    ]
                }
            ]
        },
        {
            "label": "Age",
            "key": null,
            "value": [
                {
                    "page": 1,
                    "text": "20",
                    "boundingBoxes": [
                        [
                            0.669488056251204,
                            0.07161058961980041,
                            0.695422365632826,
                            0.07161058961980041,
                            0.695422365632826,
                            0.0842036009155184,
                            0.669488056251204,
                            0.0842036009155184
                        ]
                    ]
                }
            ]
        },
        {
            "label": "StreetAddress",
            "key": null,
            "value": [
                {
                    "page": 1,
                    "text": "150",
                    "boundingBoxes": [
                        [
                            0.08685706029666732,
                            0.11111317030680987,
                            0.12070169524176458,
                            0.11067765041652379,
                            0.12126757850125218,
                            0.12803358136345525,
                            0.08685706029666732,
                            0.1284691012537413
                        ]
                    ]
                },
                {
                    "page": 1,
                    "text": "Ellsworth",
                    "boundingBoxes": [
                        [
                            0.14043536890772493,
                            0.11067765041652379,
                            0.2301218455018301,
                            0.1098066106359517,
                            0.2301218455018301,
                            0.12673628807324147,
                            0.14043536890772493,
                            0.12760732785381357
                        ]
                    ]
                },
                {
                    "page": 1,
                    "text": "Ave",
                    "boundingBoxes": [
                        [
                            0.24365488345212866,
                            0.10937109074566563,
                            0.2853857638219996,
                            0.10894483723602397,
                            0.2853857638219996,
                            0.12673628807324147,
                            0.24365488345212866,
                            0.12673628807324147
                        ]
                    ]
                }
            ]
        },
        {
            "label": "City",
            "key": null,
            "value": [
                {
                    "page": 1,
                    "text": "Boston",
                    "boundingBoxes": [
                        [
                            0.3338952032363707,
                            0.10503442460409387,
                            0.39818917356963973,
                            0.10763827756516581,
                            0.3976232903101522,
                            0.1223996219316697,
                            0.3321975534579079,
                            0.1223996219316697
                        ]
                    ]
                }
            ]
        },
        {
            "label": "State",
            "key": null,
            "value": [
                {
                    "page": 1,
                    "text": "MA",
                    "boundingBoxes": [
                        [
                            0.4551627817376228,
                            0.10590546438466598,
                            0.4856121171257946,
                            0.10634098427495203,
                            0.4844923906761703,
                            0.12326139533159743,
                            0.4545968984781352,
                            0.1223996219316697
                        ]
                    ]
                }
            ]
        },
        {
            "label": "Zip",
            "key": null,
            "value": [
                {
                    "page": 1,
                    "text": "02/01",
                    "boundingBoxes": [
                        [
                            0.5741668272009246,
                            0.10807379745545186,
                            0.6249277595838952,
                            0.10850931734573793,
                            0.6249277595838952,
                            0.12022202248023944,
                            0.5741668272009246,
                            0.11979576897059777
                        ]
                    ]
                }
            ]
        },
        {
            "label": "PhoneNumber",
            "key": null,
            "value": [
                {
                    "page": 1,
                    "text": "1251",
                    "boundingBoxes": [
                        [
                            0.6582065112695049,
                            0.10459890471380782,
                            0.7022009246773262,
                            0.10416338482352179,
                            0.7022009246773262,
                            0.12022202248023944,
                            0.6582065112695049,
                            0.12022202248023944
                        ]
                    ]
                },
                {
                    "page": 1,
                    "text": "441",
                    "boundingBoxes": [
                        [
                            0.7219345983432864,
                            0.10372786493323571,
                            0.7642434020419958,
                            0.10372786493323571,
                            0.7642434020419958,
                            0.12065754237052549,
                            0.7219345983432864,
                            0.12065754237052549
                        ]
                    ]
                },
                {
                    "page": 1,
                    "text": "6954",
                    "boundingBoxes": [
                        [
                            0.7800279329608939,
                            0.10372786493323571,
                            0.8358697746099018,
                            0.10330161142359405,
                            0.8358697746099018,
                            0.12196410204138365,
                            0.7805938162203814,
                            0.12109306226081154
                        ]
                    ]
                }
            ]
        },
        {
            "label": "DateOfSignature",
            "key": null,
            "value": [
                {
                    "page": 1,
                    "text": "08/01",
                    "boundingBoxes": [
                        [
                            0.5674003082257754,
                            0.6809863135557882,
                            0.6299966287805817,
                            0.6818573533363603,
                            0.6299966287805817,
                            0.6987870307736501,
                            0.5674003082257754,
                            0.697480471102792
                        ]
                    ]
                },
                {
                    "page": 1,
                    "text": "/20",
                    "boundingBoxes": [
                        [
                            0.6345116547871316,
                            0.6818573533363603,
                            0.6644071469851667,
                            0.6822928732266463,
                            0.6644071469851667,
                            0.6992132842832918,
                            0.6345116547871316,
                            0.6987870307736501
                        ]
                    ]
                },
                {
                    "page": 1,
                    "text": "21",
                    "boundingBoxes": [
                        [
                            0.6683562897322288,
                            0.6822928732266463,
                            0.6886558466576767,
                            0.6822928732266463,
                            0.6892217299171643,
                            0.6992132842832918,
                            0.6689221729917164,
                            0.6992132842832918
                        ]
                    ]
                }
            ]
        },
        {
            "label": "ReceivedVaccine",
            "key": null,
            "value": [
                {
                    "page": 2,
                    "text": "unselected",
                    "boundingBoxes": [
                        [
                            0.7335989343957376,
                            0.21269090909090907,
                            0.7820311281245125,
                            0.21269090909090907,
                            0.7820311281245125,
                            0.2704090909090909,
                            0.7335989343957376,
                            0.2704090909090909
                        ]
                    ]
                }
            ]
        }
    ],
    "labelingState": 2
}