{
    "$schema": "https://schema.cognitiveservices.azure.com/formrecognizer/2021-03-01/labels.json",
    "document": "Covid_Consent_Form_Scanned.pdf",
    "labels": [
        {
            "label": "Male",
            "key": null,
            "value": [
                {
                    "page": 1,
                    "text": "selected",
                    "boundingBoxes": [
                        [
                            0.7753563958939347,
                            0.0732090909090909,
                            0.7860062023703633,
                            0.0732090909090909,
                            0.7860062023703633,
                            0.08123636363636363,
                            0.7753563958939347,
                            0.08123636363636363
                        ]
                    ]
                }
            ]
        },
        {
            "label": "Female",
            "key": null,
            "value": [
                {
                    "page": 1,
                    "text": "unselected",
                    "boundingBoxes": [
                        [
                            0.8093131716229536,
                            0.0726,
                            0.8208765055172248,
                            0.0726,
                            0.8208765055172248,
                            0.0815090909090909,
                            0.8093131716229536,
                            0.0815090909090909
                        ]
                    ]
                }
            ]
        },
        {
            "label": "Other",
            "key": null,
            "value": [
                {
                    "page": 1,
                    "text": "unselected",
                    "boundingBoxes": [
                        [
                            0.839183114166887,
                            0.07235454545454546,
                            0.8495083780080295,
                            0.07235454545454546,
                            0.8495083780080295,
                            0.08063636363636363,
                            0.839183114166887,
                            0.08063636363636363
                        ]
                    ]
                }
            ]
        },
        {
            "label": "LastName",
            "key": null,
            "value": [
                {
                    "page": 1,
                    "text": "Park",
                    "boundingBoxes": [
                        [
                            0.10102892035483328,
                            0.07204545454545454,
                            0.14983051662379498,
                            0.07248181818181819,
                            0.14925355193884174,
                            0.08984545454545455,
                            0.10102892035483328,
                            0.08897272727272727
                        ]
                    ]
                }
            ]
        },
        {
            "label": "FirstName",
            "key": null,
            "value": [
                {
                    "page": 1,
                    "text": "John",
                    "boundingBoxes": [
                        [
                            0.26980311080125974,
                            0.07118181818181818,
                            0.3237733490395942,
                            0.07074545454545454,
                            0.3237733490395942,
                            0.08593636363636364,
                            0.27038007548621296,
                            0.0868090909090909
                        ]
                    ]
                }
            ]
        },
        {
            "label": "DateOfBirth",
            "key": null,
            "value": [
                {
                    "page": 1,
                    "text": "05",
                    "boundingBoxes": [
                        [
                            0.5367454383729596,
                            0.07118181818181818,
                            0.5522393441834748,
                            0.07118181818181818,
                            0.552816308868428,
                            0.0868090909090909,
                            0.5373103829603096,
                            0.08637272727272727
                        ]
                    ]
                },
                {
                    "page": 1,
                    "text": "/02",
                    "boundingBoxes": [
                        [
                            0.5562660768805442,
                            0.07118181818181818,
                            0.584958049859365,
                            0.07074545454545454,
                            0.5855350145443181,
                            0.08767272727272728,
                            0.5562660768805442,
                            0.0868090909090909
                        ]
                    ]
                },
                {
                    "page": 1,
                    "text": "/",
                    "boundingBoxes": [
                        [
                            0.5889847825564344,
                            0.07074545454545454,
                            0.5993100463975768,
                            0.07074545454545454,
                            0.5998870110825301,
                            0.08767272727272728,
                            0.5895497271437844,
                            0.08767272727272728
                        ]
                    ]
                },
                {
                    "page": 1,
                    "text": "1997",
                    "boundingBoxes": [
                        [
                            0.6033367790946462,
                            0.07074545454545454,
                            0.6435199653821189,
                            0.07074545454545454,
                            0.6435199653821189,
                            0.0881090909090909,
                            0.6039017236819962,
                            0.08767272727272728
                        ]
                    ]
                }
            ]
        },
        {
            "label": "Age",
            "key": null,
            "value": [
                {
                    "page": 1,
                    "text": "24",
                    "boundingBoxes": [
                        [
                            0.6808303483424286,
                            0.06944545454545455,
                            0.7078154674615958,
                            0.06944545454545455,
                            0.7078154674615958,
                            0.08376363636363636,
                            0.6814073130273818,
                            0.08376363636363636
                        ]
                    ]
                }
            ]
        },
        {
            "label": "StreetAddress",
            "key": null,
            "value": [
                {
                    "page": 1,
                    "text": "4716",
                    "boundingBoxes": [
                        [
                            0.0935764598408539,
                            0.1085090909090909,
                            0.1366204293578864,
                            0.10937272727272727,
                            0.13605548477053633,
                            0.12543636363636362,
                            0.09299949515590067,
                            0.125
                        ]
                    ]
                },
                {
                    "page": 1,
                    "text": "Main",
                    "boundingBoxes": [
                        [
                            0.1435199653821189,
                            0.10937272727272727,
                            0.18771786426905787,
                            0.11024545454545454,
                            0.18714089958410463,
                            0.12543636363636362,
                            0.14294300069716567,
                            0.12543636363636362
                        ]
                    ]
                },
                {
                    "page": 1,
                    "text": "Street",
                    "boundingBoxes": [
                        [
                            0.1934514508257807,
                            0.11024545454545454,
                            0.249717527706325,
                            0.11110909090909091,
                            0.24914056302137177,
                            0.12543636363636362,
                            0.19288650623843065,
                            0.12543636363636362
                        ]
                    ]
                }
            ]
        },
        {
            "label": "City",
            "key": null,
            "value": [
                {
                    "page": 1,
                    "text": "Pittsburgh",
                    "boundingBoxes": [
                        [
                            0.3507464480611583,
                            0.10590000000000001,
                            0.43513955333317306,
                            0.10763636363636363,
                            0.4357044979205231,
                            0.125,
                            0.350169483376205,
                            0.12240000000000001
                        ]
                    ]
                }
            ]
        },
        {
            "label": "State",
            "key": null,
            "value": [
                {
                    "page": 1,
                    "text": "PA",
                    "boundingBoxes": [
                        [
                            0.47588768420799576,
                            0.10286363636363637,
                            0.49828112604274355,
                            0.10242727272727273,
                            0.49828112604274355,
                            0.1197909090909091,
                            0.47588768420799576,
                            0.12022727272727272
                        ]
                    ]
                }
            ]
        },
        {
            "label": "Zip",
            "key": null,
            "value": [
                {
                    "page": 1,
                    "text": "15213",
                    "boundingBoxes": [
                        [
                            0.5872538885015747,
                            0.10677272727272728,
                            0.6354785200855831,
                            0.10677272727272728,
                            0.6354785200855831,
                            0.12152727272727272,
                            0.5872538885015747,
                            0.12152727272727272
                        ]
                    ]
                }
            ]
        },
        {
            "label": "PhoneNumber",
            "key": null,
            "value": [
                {
                    "page": 1,
                    "text": "412",
                    "boundingBoxes": [
                        [
                            0.6808303483424286,
                            0.10547272727272726,
                            0.7135490540183187,
                            0.10503636363636364,
                            0.7135490540183187,
                            0.1210909090909091,
                            0.6808303483424286,
                            0.1210909090909091
                        ]
                    ]
                },
                {
                    "page": 1,
                    "text": "222-",
                    "boundingBoxes": [
                        [
                            0.7313508185686467,
                            0.10503636363636364,
                            0.7767026468254923,
                            0.10460000000000001,
                            0.7772675914128423,
                            0.12066363636363636,
                            0.7319157631559968,
                            0.1210909090909091
                        ]
                    ]
                },
                {
                    "page": 1,
                    "text": "4761",
                    "boundingBoxes": [
                        [
                            0.785309036709378,
                            0.10416363636363636,
                            0.8363944515229464,
                            0.10373636363636364,
                            0.8363944515229464,
                            0.12066363636363636,
                            0.785309036709378,
                            0.12066363636363636
                        ]
                    ]
                }
            ]
        },
        {
            "label": "ReceivedVaccine",
            "key": null,
            "value": [
                {
                    "page": 2,
                    "text": "selected",
                    "boundingBoxes": [
                        [
                            0.7357229428917716,
                            0.20143448833215477,
                            0.7829911319645279,
                            0.20143448833215477,
                            0.7829911319645279,
                            0.24242118120287634,
                            0.7357229428917716,
                            0.24242118120287634
                        ]
                    ]
                }
            ]
        },
        {
            "label": "VaccineManufacturer",
            "key": null,
            "value": [
                {
                    "page": 2,
                    "text": "Pfizer",
                    "boundingBoxes": [
                        [
                            0.2223488893955576,
                            0.23871098090716233,
                            0.28870915483661935,
                            0.24001506120912125,
                            0.28870915483661935,
                            0.25564565750443113,
                            0.22120888483553935,
                            0.2569405541422917
                        ]
                    ]
                }
            ]
        },
        {
            "label": "ReceivedDate",
            "key": null,
            "value": [
                {
                    "page": 2,
                    "text": "08/05",
                    "boundingBoxes": [
                        [
                            0.42597770391081563,
                            0.24001506120912125,
                            0.4787299149196597,
                            0.23915179678388082,
                            0.47986991947967794,
                            0.25477320941509246,
                            0.4265417061668247,
                            0.25477320941509246
                        ]
                    ]
                }
            ]
        }
    ],
    "labelingState": 2
}