{
    "$schema": "https://schema.cognitiveservices.azure.com/formrecognizer/2021-03-01/labels.json",
    "document": "Covid_Consent_Form_4.pdf",
    "labels": [
        {
            "label": "LastName",
            "key": null,
            "value": [
                {
                    "page": 1,
                    "text": "Mathur",
                    "boundingBoxes": [
                        [
                            0.06291764705882354,
                            0.06163636363636364,
                            0.11965882352941175,
                            0.06163636363636364,
                            0.11910588235294117,
                            0.07378181818181818,
                            0.06236470588235294,
                            0.07378181818181818
                        ]
                    ]
                }
            ]
        },
        {
            "label": "FirstName",
            "key": null,
            "value": [
                {
                    "page": 1,
                    "text": "Kush",
                    "boundingBoxes": [
                        [
                            0.25,
                            0.061200000000000004,
                            0.2904470588235294,
                            0.061200000000000004,
                            0.2904470588235294,
                            0.07335454545454545,
                            0.25,
                            0.07335454545454545
                        ]
                    ]
                }
            ]
        },
        {
            "label": "MiddleName",
            "key": null,
            "value": [
                {
                    "page": 1,
                    "text": "Junior",
                    "boundingBoxes": [
                        [
                            0.4213529411764706,
                            0.06076363636363636,
                            0.4719058823529411,
                            0.06076363636363636,
                            0.4713529411764706,
                            0.07335454545454545,
                            0.4207882352941177,
                            0.07291818181818183
                        ]
                    ]
                }
            ]
        },
        {
            "label": "DateOfBirth",
            "key": null,
            "value": [
                {
                    "page": 1,
                    "text": "03/21/1993",
                    "boundingBoxes": [
                        [
                            0.5460705882352942,
                            0.0599,
                            0.6387647058823529,
                            0.0599,
                            0.6387647058823529,
                            0.07291818181818183,
                            0.5460705882352942,
                            0.07291818181818183
                        ]
                    ]
                }
            ]
        },
        {
            "label": "Age",
            "key": null,
            "value": [
                {
                    "page": 1,
                    "text": "28",
                    "boundingBoxes": [
                        [
                            0.688764705882353,
                            0.06032727272727272,
                            0.7084235294117648,
                            0.06032727272727272,
                            0.707870588235294,
                            0.07291818181818183,
                            0.688764705882353,
                            0.07248181818181819
                        ]
                    ]
                }
            ]
        },
        {
            "label": "Male",
            "key": null,
            "value": [
                {
                    "page": 1,
                    "text": "selected",
                    "boundingBoxes": [
                        [
                            0.7983411764705882,
                            0.06485454545454546,
                            0.8074,
                            0.06485454545454546,
                            0.8074,
                            0.07258181818181818,
                            0.7983411764705882,
                            0.07258181818181818
                        ]
                    ]
                }
            ]
        },
        {
            "label": "Female",
            "key": null,
            "value": [
                {
                    "page": 1,
                    "text": "unselected",
                    "boundingBoxes": [
                        [
                            0.8342352941176471,
                            0.06487272727272728,
                            0.8439294117647059,
                            0.06487272727272728,
                            0.8439294117647059,
                            0.07257272727272727,
                            0.8342352941176471,
                            0.07257272727272727
                        ]
                    ]
                }
            ]
        },
        {
            "label": "Other",
            "key": null,
            "value": [
                {
                    "page": 1,
                    "text": "unselected",
                    "boundingBoxes": [
                        [
                            0.8652470588235294,
                            0.0648,
                            0.8746588235294117,
                            0.0648,
                            0.8746588235294117,
                            0.07217272727272728,
                            0.8652470588235294,
                            0.07217272727272728
                        ]
                    ]
                }
            ]
        },
        {
            "label": "StreetAddress",
            "key": null,
            "value": [
                {
                    "page": 1,
                    "text": "1402",
                    "boundingBoxes": [
                        [
                            0.06291764705882354,
                            0.09721818181818181,
                            0.09943529411764705,
                            0.09721818181818181,
                            0.09943529411764705,
                            0.11284545454545455,
                            0.06236470588235294,
                            0.11284545454545455
                        ]
                    ]
                },
                {
                    "page": 1,
                    "text": "Carleton",
                    "boundingBoxes": [
                        [
                            0.10337647058823529,
                            0.09721818181818181,
                            0.17471764705882353,
                            0.09721818181818181,
                            0.17471764705882353,
                            0.11284545454545455,
                            0.10337647058823529,
                            0.11284545454545455
                        ]
                    ]
                },
                {
                    "page": 1,
                    "text": "Avenue",
                    "boundingBoxes": [
                        [
                            0.1786470588235294,
                            0.09721818181818181,
                            0.24437647058823528,
                            0.09721818181818181,
                            0.24437647058823528,
                            0.11284545454545455,
                            0.1786470588235294,
                            0.11284545454545455
                        ]
                    ]
                }
            ]
        },
        {
            "label": "City",
            "key": null,
            "value": [
                {
                    "page": 1,
                    "text": "Austin",
                    "boundingBoxes": [
                        [
                            0.33089411764705884,
                            0.09765454545454545,
                            0.37921176470588236,
                            0.0967909090909091,
                            0.37921176470588236,
                            0.10937272727272727,
                            0.33034117647058825,
                            0.10937272727272727
                        ]
                    ]
                }
            ]
        },
        {
            "label": "State",
            "key": null,
            "value": [
                {
                    "page": 1,
                    "text": "TX",
                    "boundingBoxes": [
                        [
                            0.4662941176470588,
                            0.0967909090909091,
                            0.48763529411764706,
                            0.0967909090909091,
                            0.48763529411764706,
                            0.11198181818181818,
                            0.4662941176470588,
                            0.11198181818181818
                        ]
                    ]
                }
            ]
        },
        {
            "label": "Zip",
            "key": null,
            "value": [
                {
                    "page": 1,
                    "text": "73301",
                    "boundingBoxes": [
                        [
                            0.598870588235294,
                            0.09982727272727274,
                            0.6494352941176471,
                            0.09982727272727274,
                            0.6494352941176471,
                            0.11198181818181818,
                            0.598870588235294,
                            0.11198181818181818
                        ]
                    ]
                }
            ]
        },
        {
            "label": "PhoneNumber",
            "key": null,
            "value": [
                {
                    "page": 1,
                    "text": "533",
                    "boundingBoxes": [
                        [
                            0.7016823529411764,
                            0.10112727272727273,
                            0.7320235294117647,
                            0.10112727272727273,
                            0.7320235294117647,
                            0.11328181818181818,
                            0.7016823529411764,
                            0.11284545454545455
                        ]
                    ]
                },
                {
                    "page": 1,
                    "text": "122",
                    "boundingBoxes": [
                        [
                            0.753929411764706,
                            0.10200000000000001,
                            0.7814588235294118,
                            0.10112727272727273,
                            0.7814588235294118,
                            0.11328181818181818,
                            0.753929411764706,
                            0.11371818181818182
                        ]
                    ]
                },
                {
                    "page": 1,
                    "text": "4542",
                    "boundingBoxes": [
                        [
                            0.7988705882352941,
                            0.10069090909090908,
                            0.8382,
                            0.10026363636363636,
                            0.8382,
                            0.1124090909090909,
                            0.7983176470588236,
                            0.11284545454545455
                        ]
                    ]
                }
            ]
        },
        {
            "label": "DateOfSignature",
            "key": null,
            "value": [
                {
                    "page": 1,
                    "text": "07/14/2021",
                    "boundingBoxes": [
                        [
                            0.5573058823529412,
                            0.7144090909090909,
                            0.6488705882352941,
                            0.7144090909090909,
                            0.6488705882352941,
                            0.727,
                            0.5573058823529412,
                            0.727
                        ]
                    ]
                }
            ]
        },
        {
            "label": "ReceivedVaccine",
            "key": null,
            "value": [
                {
                    "page": 2,
                    "text": "selected",
                    "boundingBoxes": [
                        [
                            0.7596705882352941,
                            0.21844545454545453,
                            0.8083882352941176,
                            0.21844545454545453,
                            0.8083882352941176,
                            0.2663090909090909,
                            0.7596705882352941,
                            0.2663090909090909
                        ]
                    ]
                }
            ]
        },
        {
            "label": "VaccineManufacturer",
            "key": null,
            "value": [
                {
                    "page": 2,
                    "text": "Pfizer",
                    "boundingBoxes": [
                        [
                            0.20449411764705883,
                            0.2395818181818182,
                            0.25168235294117647,
                            0.24045454545454545,
                            0.25168235294117647,
                            0.25217272727272727,
                            0.20449411764705883,
                            0.25173636363636365
                        ]
                    ]
                }
            ]
        },
        {
            "label": "ReceivedDate",
            "key": null,
            "value": [
                {
                    "page": 2,
                    "text": "03/21/2021",
                    "boundingBoxes": [
                        [
                            0.43427058823529413,
                            0.23914545454545452,
                            0.5252823529411765,
                            0.23871818181818183,
                            0.5258470588235293,
                            0.25173636363636365,
                            0.43427058823529413,
                            0.25173636363636365
                        ]
                    ]
                }
            ]
        }
    ],
    "labelingState": 2
}