{
    "$schema": "https://schema.cognitiveservices.azure.com/formrecognizer/2021-03-01/labels.json",
    "document": "Covid_Consent_Form_2.pdf",
    "labels": [
        {
            "label": "LastName",
            "key": null,
            "value": [
                {
                    "page": 1,
                    "text": "Thompson",
                    "boundingBoxes": [
                        [
                            0.06854117647058823,
                            0.06597272727272728,
                            0.1544941176470588,
                            0.06683636363636364,
                            0.1544941176470588,
                            0.07942727272727274,
                            0.06797647058823529,
                            0.07942727272727274
                        ]
                    ]
                }
            ]
        },
        {
            "label": "FirstName",
            "key": null,
            "value": [
                {
                    "page": 1,
                    "text": "Lexi",
                    "boundingBoxes": [
                        [
                            0.2584235294117647,
                            0.06467272727272727,
                            0.2932588235294118,
                            0.06467272727272727,
                            0.29269411764705877,
                            0.07682727272727273,
                            0.2584235294117647,
                            0.07639090909090909
                        ]
                    ]
                }
            ]
        },
        {
            "label": "MiddleName",
            "key": null,
            "labelType": "region",
            "value": [
                {
                    "page": 1,
                    "text": "",
                    "boundingBoxes": [
                        [
                            0.4064789757710994,
                            0.059591072170779635,
                            0.4949121741298921,
                            0.059591072170779635,
                            0.4949121741298921,
                            0.07573313452654162,
                            0.4064789757710994,
                            0.07573313452654162
                        ]
                    ]
                }
            ]
        },
        {
            "label": "DateOfBirth",
            "key": null,
            "value": [
                {
                    "page": 1,
                    "text": "06/01/1970",
                    "boundingBoxes": [
                        [
                            0.5393294117647058,
                            0.0638,
                            0.6280941176470588,
                            0.06336363636363636,
                            0.6280941176470588,
                            0.07639090909090909,
                            0.5393294117647058,
                            0.07639090909090909
                        ]
                    ]
                }
            ]
        },
        {
            "label": "Age",
            "key": null,
            "value": [
                {
                    "page": 1,
                    "text": "51",
                    "boundingBoxes": [
                        [
                            0.6938235294117647,
                            0.06293636363636364,
                            0.712364705882353,
                            0.06293636363636364,
                            0.7129176470588235,
                            0.07509090909090908,
                            0.6938235294117647,
                            0.07509090909090908
                        ]
                    ]
                }
            ]
        },
        {
            "label": "StreetAddress",
            "key": null,
            "value": [
                {
                    "page": 1,
                    "text": "3080",
                    "boundingBoxes": [
                        [
                            0.06291764705882354,
                            0.10156363636363636,
                            0.10056470588235294,
                            0.10112727272727273,
                            0.10056470588235294,
                            0.11458181818181817,
                            0.06291764705882354,
                            0.11414545454545455
                        ]
                    ]
                },
                {
                    "page": 1,
                    "text": "Arlington",
                    "boundingBoxes": [
                        [
                            0.10505882352941176,
                            0.10112727272727273,
                            0.17809411764705882,
                            0.10112727272727273,
                            0.17809411764705882,
                            0.11458181818181817,
                            0.10505882352941176,
                            0.11458181818181817
                        ]
                    ]
                },
                {
                    "page": 1,
                    "text": "Avenue",
                    "boundingBoxes": [
                        [
                            0.1837058823529412,
                            0.10112727272727273,
                            0.24607058823529412,
                            0.10200000000000001,
                            0.24607058823529412,
                            0.11458181818181817,
                            0.1837058823529412,
                            0.11458181818181817
                        ]
                    ]
                }
            ]
        },
        {
            "label": "City",
            "key": null,
            "value": [
                {
                    "page": 1,
                    "text": "Nashville",
                    "boundingBoxes": [
                        [
                            0.32977647058823534,
                            0.10069090909090908,
                            0.40168235294117643,
                            0.10026363636363636,
                            0.40168235294117643,
                            0.11284545454545455,
                            0.3292117647058823,
                            0.11284545454545455
                        ]
                    ]
                }
            ]
        },
        {
            "label": "State",
            "key": null,
            "value": [
                {
                    "page": 1,
                    "text": "TN",
                    "boundingBoxes": [
                        [
                            0.47359999999999997,
                            0.09982727272727274,
                            0.4932588235294118,
                            0.09895454545454546,
                            0.49382352941176466,
                            0.11371818181818182,
                            0.47415294117647067,
                            0.11458181818181817
                        ]
                    ]
                }
            ]
        },
        {
            "label": "Zip",
            "key": null,
            "value": [
                {
                    "page": 1,
                    "text": "37801",
                    "boundingBoxes": [
                        [
                            0.5971882352941177,
                            0.10112727272727273,
                            0.6471882352941176,
                            0.10156363636363636,
                            0.6471882352941176,
                            0.11328181818181818,
                            0.5971882352941177,
                            0.11371818181818182
                        ]
                    ]
                }
            ]
        },
        {
            "label": "PhoneNumber",
            "key": null,
            "value": [
                {
                    "page": 1,
                    "text": "241",
                    "boundingBoxes": [
                        [
                            0.7056235294117646,
                            0.10069090909090908,
                            0.734835294117647,
                            0.10112727272727273,
                            0.7342705882352941,
                            0.11284545454545455,
                            0.7050588235294118,
                            0.11328181818181818
                        ]
                    ]
                },
                {
                    "page": 1,
                    "text": "456",
                    "boundingBoxes": [
                        [
                            0.75,
                            0.10112727272727273,
                            0.7803411764705883,
                            0.10156363636363636,
                            0.7803411764705883,
                            0.11284545454545455,
                            0.749435294117647,
                            0.11284545454545455
                        ]
                    ]
                },
                {
                    "page": 1,
                    "text": "5789",
                    "boundingBoxes": [
                        [
                            0.7994352941176471,
                            0.10026363636363636,
                            0.8382,
                            0.10026363636363636,
                            0.8382,
                            0.1124090909090909,
                            0.7994352941176471,
                            0.1124090909090909
                        ]
                    ]
                }
            ]
        },
        {
            "label": "DateOfSignature",
            "key": null,
            "value": [
                {
                    "page": 1,
                    "text": "05/01/2021",
                    "boundingBoxes": [
                        [
                            0.5646117647058824,
                            0.7135454545454546,
                            0.6550588235294117,
                            0.7135454545454546,
                            0.6550588235294117,
                            0.7252636363636363,
                            0.5651647058823529,
                            0.7252636363636363
                        ]
                    ]
                }
            ]
        },
        {
            "label": "ReceivedVaccine",
            "key": null,
            "value": [
                {
                    "page": 2,
                    "text": "selected",
                    "boundingBoxes": [
                        [
                            0.7599411764705882,
                            0.21908181818181818,
                            0.8091058823529411,
                            0.21908181818181818,
                            0.8091058823529411,
                            0.2662181818181818,
                            0.7599411764705882,
                            0.2662181818181818
                        ]
                    ]
                }
            ]
        },
        {
            "label": "VaccineManufacturer",
            "key": null,
            "value": [
                {
                    "page": 2,
                    "text": "Moderna",
                    "boundingBoxes": [
                        [
                            0.20955294117647058,
                            0.2408818181818182,
                            0.2797764705882353,
                            0.24131818181818182,
                            0.2792117647058823,
                            0.25347272727272724,
                            0.20955294117647058,
                            0.2530363636363636
                        ]
                    ]
                }
            ]
        },
        {
            "label": "ReceivedDate",
            "key": null,
            "value": [
                {
                    "page": 2,
                    "text": "04/20/2021",
                    "boundingBoxes": [
                        [
                            0.43258823529411766,
                            0.2421909090909091,
                            0.5241529411764706,
                            0.24175454545454544,
                            0.5236,
                            0.2547727272727273,
                            0.43314117647058825,
                            0.2547727272727273
                        ]
                    ]
                }
            ]
        },
        {
            "label": "Other",
            "key": null,
            "value": [
                {
                    "page": 1,
                    "text": "unselected",
                    "boundingBoxes": [
                        [
                            0.8648588235294118,
                            0.0649090909090909,
                            0.8744117647058823,
                            0.0649090909090909,
                            0.8744117647058823,
                            0.07215454545454546,
                            0.8648588235294118,
                            0.07215454545454546
                        ]
                    ]
                }
            ]
        },
        {
            "label": "Male",
            "key": null,
            "value": [
                {
                    "page": 1,
                    "text": "unselected",
                    "boundingBoxes": [
                        [
                            0.7977176470588235,
                            0.06495454545454546,
                            0.8076705882352941,
                            0.06495454545454546,
                            0.8076705882352941,
                            0.07299090909090909,
                            0.7977176470588235,
                            0.07299090909090909
                        ]
                    ]
                }
            ]
        },
        {
            "label": "Female",
            "key": null,
            "labelType": "region",
            "value": [
                {
                    "page": 1,
                    "text": "",
                    "boundingBoxes": [
                        [
                            0.8322374253649643,
                            0.06325666064820923,
                            0.8435526965575251,
                            0.06325666064820923,
                            0.8435526965575251,
                            0.07388350820554201,
                            0.8322374253649643,
                            0.07388350820554201
                        ]
                    ]
                }
            ]
        }
    ],
    "labelingState": 2
}