{
    "$schema": "https://schema.cognitiveservices.azure.com/formrecognizer/2021-03-01/labels.json",
    "document": "Covid_Consent_Form_3.pdf",
    "labels": [
        {
            "label": "ReceivedVaccine",
            "key": null,
            "value": [
                {
                    "page": 2,
                    "text": "unselected",
                    "boundingBoxes": [
                        [
                            0.7594823529411764,
                            0.21714545454545453,
                            0.8088117647058823,
                            0.21714545454545453,
                            0.8088117647058823,
                            0.26592727272727273,
                            0.7594823529411764,
                            0.26592727272727273
                        ]
                    ]
                }
            ]
        },
        {
            "label": "LastName",
            "key": null,
            "value": [
                {
                    "page": 1,
                    "text": "Kane",
                    "boundingBoxes": [
                        [
                            0.06516470588235293,
                            0.061200000000000004,
                            0.10787058823529412,
                            0.061200000000000004,
                            0.10787058823529412,
                            0.07639090909090909,
                            0.06516470588235293,
                            0.07639090909090909
                        ]
                    ]
                }
            ]
        },
        {
            "label": "FirstName",
            "key": null,
            "value": [
                {
                    "page": 1,
                    "text": "Harry",
                    "boundingBoxes": [
                        [
                            0.2556235294117647,
                            0.06163636363636364,
                            0.30281176470588234,
                            0.06163636363636364,
                            0.30281176470588234,
                            0.07682727272727273,
                            0.2556235294117647,
                            0.07639090909090909
                        ]
                    ]
                }
            ]
        },
        {
            "label": "MiddleName",
            "key": null,
            "value": [
                {
                    "page": 1,
                    "text": "Paul",
                    "boundingBoxes": [
                        [
                            0.42022352941176466,
                            0.06336363636363636,
                            0.45787058823529414,
                            0.06336363636363636,
                            0.45787058823529414,
                            0.07551818181818182,
                            0.42022352941176466,
                            0.07509090909090908
                        ]
                    ]
                }
            ]
        },
        {
            "label": "DateOfBirth",
            "key": null,
            "value": [
                {
                    "page": 1,
                    "text": "04/02/1980",
                    "boundingBoxes": [
                        [
                            0.542129411764706,
                            0.06423636363636363,
                            0.6314588235294117,
                            0.0638,
                            0.6308941176470588,
                            0.07639090909090909,
                            0.542129411764706,
                            0.07595454545454546
                        ]
                    ]
                }
            ]
        },
        {
            "label": "Age",
            "key": null,
            "value": [
                {
                    "page": 1,
                    "text": "41",
                    "boundingBoxes": [
                        [
                            0.6988705882352941,
                            0.06336363636363636,
                            0.7185411764705882,
                            0.0638,
                            0.7179764705882353,
                            0.07551818181818182,
                            0.6988705882352941,
                            0.07509090909090908
                        ]
                    ]
                }
            ]
        },
        {
            "label": "StreetAddress",
            "key": null,
            "value": [
                {
                    "page": 1,
                    "text": "55",
                    "boundingBoxes": [
                        [
                            0.06461176470588235,
                            0.10286363636363637,
                            0.08427058823529412,
                            0.10242727272727273,
                            0.08427058823529412,
                            0.11501818181818182,
                            0.06461176470588235,
                            0.11501818181818182
                        ]
                    ]
                },
                {
                    "page": 1,
                    "text": "North",
                    "boundingBoxes": [
                        [
                            0.0882,
                            0.10242727272727273,
                            0.13370588235294117,
                            0.10200000000000001,
                            0.13370588235294117,
                            0.11501818181818182,
                            0.0882,
                            0.11501818181818182
                        ]
                    ]
                },
                {
                    "page": 1,
                    "text": "Oakmont",
                    "boundingBoxes": [
                        [
                            0.13876470588235293,
                            0.10200000000000001,
                            0.21741176470588236,
                            0.10200000000000001,
                            0.21741176470588236,
                            0.11545454545454546,
                            0.13876470588235293,
                            0.11501818181818182
                        ]
                    ]
                },
                {
                    "page": 1,
                    "text": "Street",
                    "boundingBoxes": [
                        [
                            0.2202235294117647,
                            0.10200000000000001,
                            0.2724705882352941,
                            0.10242727272727273,
                            0.2730352941176471,
                            0.11501818181818182,
                            0.22078823529411765,
                            0.11545454545454546
                        ]
                    ]
                }
            ]
        },
        {
            "label": "City",
            "key": null,
            "value": [
                {
                    "page": 1,
                    "text": "Bellevue",
                    "boundingBoxes": [
                        [
                            0.3331411764705883,
                            0.10286363636363637,
                            0.40168235294117643,
                            0.1033,
                            0.4011294117647059,
                            0.11545454545454546,
                            0.3331411764705883,
                            0.11501818181818182
                        ]
                    ]
                }
            ]
        },
        {
            "label": "State",
            "key": null,
            "value": [
                {
                    "page": 1,
                    "text": "WA",
                    "boundingBoxes": [
                        [
                            0.4651647058823529,
                            0.10242727272727273,
                            0.48988235294117644,
                            0.10242727272727273,
                            0.48988235294117644,
                            0.11458181818181817,
                            0.4651647058823529,
                            0.11458181818181817
                        ]
                    ]
                }
            ]
        },
        {
            "label": "Zip",
            "key": null,
            "value": [
                {
                    "page": 1,
                    "text": "98004",
                    "boundingBoxes": [
                        [
                            0.5994352941176471,
                            0.10286363636363637,
                            0.6483176470588236,
                            0.10286363636363637,
                            0.6477529411764705,
                            0.11458181818181817,
                            0.5994352941176471,
                            0.11458181818181817
                        ]
                    ]
                }
            ]
        },
        {
            "label": "PhoneNumber",
            "key": null,
            "value": [
                {
                    "page": 1,
                    "text": "233",
                    "boundingBoxes": [
                        [
                            0.6949411764705883,
                            0.10026363636363636,
                            0.7264,
                            0.10026363636363636,
                            0.7264,
                            0.1124090909090909,
                            0.6949411764705883,
                            0.11284545454545455
                        ]
                    ]
                },
                {
                    "page": 1,
                    "text": "756",
                    "boundingBoxes": [
                        [
                            0.7544941176470588,
                            0.10112727272727273,
                            0.7825882352941177,
                            0.10156363636363636,
                            0.7825882352941177,
                            0.11371818181818182,
                            0.7544941176470588,
                            0.11371818181818182
                        ]
                    ]
                },
                {
                    "page": 1,
                    "text": "9063",
                    "boundingBoxes": [
                        [
                            0.7966235294117647,
                            0.10200000000000001,
                            0.8393294117647059,
                            0.10242727272727273,
                            0.8393294117647059,
                            0.11414545454545455,
                            0.7966235294117647,
                            0.11371818181818182
                        ]
                    ]
                }
            ]
        },
        {
            "label": "DateOfSignature",
            "key": null,
            "value": [
                {
                    "page": 1,
                    "text": "07/23/2021",
                    "boundingBoxes": [
                        [
                            0.5573058823529412,
                            0.7144090909090909,
                            0.6488705882352941,
                            0.7148454545454546,
                            0.6483176470588236,
                            0.7265636363636364,
                            0.5573058823529412,
                            0.727
                        ]
                    ]
                }
            ]
        },
        {
            "label": "Male",
            "key": null,
            "value": [
                {
                    "page": 1,
                    "text": "selected",
                    "boundingBoxes": [
                        [
                            0.7976470588235295,
                            0.0647909090909091,
                            0.8088470588235295,
                            0.0647909090909091,
                            0.8088470588235295,
                            0.07331818181818182,
                            0.7976470588235295,
                            0.07331818181818182
                        ]
                    ]
                }
            ]
        },
        {
            "label": "Female",
            "key": null,
            "value": [
                {
                    "page": 1,
                    "text": "unselected",
                    "boundingBoxes": [
                        [
                            0.8342352941176471,
                            0.0649090909090909,
                            0.8439411764705882,
                            0.0649090909090909,
                            0.8439411764705882,
                            0.07257272727272727,
                            0.8342352941176471,
                            0.07257272727272727
                        ]
                    ]
                }
            ]
        },
        {
            "label": "Other",
            "key": null,
            "value": [
                {
                    "page": 1,
                    "text": "unselected",
                    "boundingBoxes": [
                        [
                            0.8652470588235294,
                            0.0648,
                            0.8746470588235294,
                            0.0648,
                            0.8746470588235294,
                            0.07218181818181818,
                            0.8652470588235294,
                            0.07218181818181818
                        ]
                    ]
                }
            ]
        },
        {
            "label": "VaccineManufacturer",
            "key": null,
            "labelType": "region",
            "value": [
                {
                    "page": 2,
                    "text": "",
                    "boundingBoxes": [
                        [
                            0.20384838897139534,
                            0.2414928649835345,
                            0.3657906631368244,
                            0.2414928649835345,
                            0.3657906631368244,
                            0.25631174533479695,
                            0.20384838897139534,
                            0.25631174533479695
                        ]
                    ]
                }
            ]
        },
        {
            "label": "ReceivedDate",
            "key": null,
            "labelType": "region",
            "value": [
                {
                    "page": 2,
                    "text": "",
                    "boundingBoxes": [
                        [
                            0.42403305998579455,
                            0.24094401756311745,
                            0.5213404791115129,
                            0.24094401756311745,
                            0.5213404791115129,
                            0.256860592755214,
                            0.42403305998579455,
                            0.256860592755214
                        ]
                    ]
                }
            ]
        }
    ],
    "labelingState": 2
}