{
    "$schema": "https://schema.cognitiveservices.azure.com/formrecognizer/2021-03-01/fields.json",
    "fields": [
        {
            "fieldKey": "LastName",
            "fieldType": "string",
            "fieldFormat": "not-specified"
        },
        {
            "fieldKey": "FirstName",
            "fieldType": "string",
            "fieldFormat": "not-specified"
        },
        {
            "fieldKey": "MiddleName",
            "fieldType": "string",
            "fieldFormat": "not-specified"
        },
        {
            "fieldKey": "DateOfBirth",
            "fieldType": "date",
            "fieldFormat": "not-specified"
        },
        {
            "fieldKey": "Age",
            "fieldType": "number",
            "fieldFormat": "not-specified"
        },
        {
            "fieldKey": "Male",
            "fieldType": "selectionMark",
            "fieldFormat": "not-specified"
        },
        {
            "fieldKey": "Female",
            "fieldType": "selectionMark",
            "fieldFormat": "not-specified"
        },
        {
            "fieldKey": "Other",
            "fieldType": "selectionMark",
            "fieldFormat": "not-specified"
        },
        {
            "fieldKey": "StreetAddress",
            "fieldType": "string",
            "fieldFormat": "not-specified"
        },
        {
            "fieldKey": "City",
            "fieldType": "string",
            "fieldFormat": "not-specified"
        },
        {
            "fieldKey": "State",
            "fieldType": "string",
            "fieldFormat": "not-specified"
        },
        {
            "fieldKey": "Zip",
            "fieldType": "string",
            "fieldFormat": "not-specified"
        },
        {
            "fieldKey": "PhoneNumber",
            "fieldType": "number",
            "fieldFormat": "not-specified"
        },
        {
            "fieldKey": "DateOfSignature",
            "fieldType": "date",
            "fieldFormat": "not-specified"
        },
        {
            "fieldKey": "ReceivedVaccine",
            "fieldType": "selectionMark",
            "fieldFormat": "not-specified"
        },
        {
            "fieldKey": "VaccineManufacturer",
            "fieldType": "string",
            "fieldFormat": "not-specified"
        },
        {
            "fieldKey": "ReceivedDate",
            "fieldType": "string",
            "fieldFormat": "not-specified"
        }
    ],
    "definitions": {}
}